{
  "default_location": ".",
  "chordgroups": [{
    "name": "Basic",
    "chords": [{
      "usage": [0, 4, 7],
      "name": "Major"
    }, {
      "usage": [0, 3, 7],
      "name": "Minor"
    }, {
      "usage": [0, 7],
      "name": "5"
    }, {
      "usage": [0, 4, 7, 10],
      "name": "Dominant 7"
    }, {
      "usage": [0, 4, 7, 11],
      "name": "Major 7"
    }, {
      "usage": [0, 3, 7, 10],
      "name": "Minor 7"
    }, {
      "usage": [0, 3, 7, 11],
      "name": "Minor Major 7"
    }, {
      "usage": [0, 5, 7],
      "name": "Sus 4"
    }, {
      "usage": [0, 2, 7],
      "name": "Sus 2"
    }, {
      "usage": [0, 4, 7, 9],
      "name": "6"
    }, {
      "usage": [0, 3, 7, 9],
      "name": "Minor 6"
    }, {
      "usage": [0, 2, 4, 7, 10],
      "name": "9"
    }, {
      "usage": [0, 2, 3, 7, 10],
      "name": "Minor 9"
    }, {
      "usage": [0, 2, 4, 7, 11],
      "name": "Major 9"
    }, {
      "usage": [0, 2, 3, 7, 11],
      "name": "Minor Major 9"
    }, {
      "usage": [0, 2, 4, 7, 9, 10],
      "name": "13"
    }, {
      "usage": [0, 2, 3, 7, 9, 10],
      "name": "Minor 13"
    }, {
      "usage": [0, 2, 4, 7, 9, 11],
      "name": "Major 13"
    }, {
      "usage": [0, 2, 3, 7, 9, 11],
      "name": "Minor Major 13"
    }, {
      "usage": [0, 2, 4, 7],
      "name": "Add 9"
    }, {
      "usage": [0, 2, 3, 7],
      "name": "Minor Add 9"
    }, {
      "usage": [0, 2, 4, 7, 9],
      "name": "6 Add 9"
    }, {
      "usage": [0, 2, 3, 7, 9],
      "name": "Minor 6 Add 9"
    }, {
      "usage": [0, 4, 5, 7, 10],
      "name": "Dominant 7 Add 11"
    }, {
      "usage": [0, 4, 5, 7, 11],
      "name": "Major 7 Add 11"
    }, {
      "usage": [0, 3, 5, 7, 10],
      "name": "Minor 7 Add 11"
    }, {
      "usage": [0, 3, 5, 7, 11],
      "name": "Minor Major 7 Add 11"
    }, {
      "usage": [0, 4, 7, 9, 10],
      "name": "Dominant 7 Add 13"
    }, {
      "usage": [0, 4, 7, 9, 11],
      "name": "Major 7 Add 13"
    }, {
      "usage": [0, 3, 7, 9, 10],
      "name": "Minor 7 Add 13"
    }, {
      "usage": [0, 3, 7, 9, 11],
      "name": "Minor Major 7 Add 13"
    }, {
      "usage": [0, 4, 6, 10],
      "name": "7b5"
    }, {
      "usage": [0, 4, 8, 10],
      "name": "7#5"
    }, {
      "usage": [0, 1, 4, 7, 10],
      "name": "7b9"
    }, {
      "usage": [0, 3, 4, 7, 10],
      "name": "7#9"
    }, {
      "usage": [0, 1, 4, 8, 10],
      "name": "7#5b9"
    }, {
      "usage": [0, 3, 6, 10],
      "name": "M7b5"
    }, {
      "usage": [0, 3, 8, 10],
      "name": "M7#5"
    }, {
      "usage": [0, 1, 3, 7, 10],
      "name": "M7b9"
    }, {
      "usage": [0, 2, 4, 6, 7, 10],
      "name": "9#11"
    }, {
      "usage": [0, 2, 4, 7, 8, 10],
      "name": "9b13"
    }, {
      "usage": [0, 5, 7, 9],
      "name": "6Sus4"
    }, {
      "usage": [0, 5, 7, 10],
      "name": "7Sus4"
    }, {
      "usage": [0, 5, 7, 11],
      "name": "Major 7 Sus4"
    }, {
      "usage": [0, 2, 5, 7, 10],
      "name": "9Sus4"
    }, {
      "usage": [0, 2, 5, 7, 11],
      "name": "Major 9 Sus4"
    }, {
      "usage": [0, 2, 4, 5, 7, 10],
      "name": "11"
    }, {
      "usage": [0, 2, 3, 5, 7, 10],
      "name": "Minor 11"
    }, {
      "usage": [0, 2, 4, 5, 7, 11],
      "name": "Major 11"
    }, {
      "usage": [0, 2, 3, 5, 7, 11],
      "name": "Minor Major 11"
    }]
  }, {
    "name": "Barnickel",
    "chords": [{
      "usage": [0, 1, 2, 3, 4, 5, 6, 7, 8, 9, 10, 11, 12, 13, 14, 15, 16, 17, 18, 19, 20, 21, 22, 23, 24, 25, 26, 27, 28, 29, 30],
      "name": "Test"
    }]
  }],
  "tones": [{
    "name": "C",
    "pitch": 60
  }, {
    "name": "D",
    "pitch": 62
  }, {
    "name": "E",
    "pitch": 64
  }, {
    "name": "F",
    "pitch": 65
  }, {
    "name": "G",
    "pitch": 67
  }, {
    "name": "A",
    "pitch": 69
  }, {
    "name": "B",
    "pitch": 71
  }],
  "chordcomplexities": [{
    "min": 1,
    "max": 2,
    "name": "Simple"
  }, {
    "min": 2,
    "max": 3,
    "name": "Medium"
  }, {
    "min": 3,
    "max": 4,
    "name": "High"
  }, {
    "min": 4,
    "max": 12,
    "name": "Full"
  }, {
    "min": 1,
    "max": 12,
    "name": "Flexible"
  }],
  "scalegroups": [{
    "scales": [{
      "usage": [0, 2, 4, 5, 7, 9, 11, 12],
      "name": "Major"
    }, {
      "usage": [0, 2, 3, 5, 7, 8, 10, 12],
      "name": "Minor"
    }, {
      "usage": [0, 2, 3, 5, 7, 8, 11, 12],
      "name": "Harmonic Minor"
    }, {
      "usage": [0, 2, 3, 5, 7, 9, 11, 12],
      "name": "Melodic Minor"
    }, {
      "usage": [0, 2, 4, 7, 9, 12],
      "name": "Pentatonic Major"
    }, {
      "usage": [0, 3, 5, 7, 10, 12],
      "name": "Pentatonic Minor"
    }, {
      "usage": [0, 3, 5, 6, 7, 10],
      "name": "Pentatonic Blues"
    }, {
      "usage": [0, 2, 5, 7, 10],
      "name": "Pentatonic Neutral"
    }, {
      "usage": [0, 2, 4, 5, 7, 9, 11, 12],
      "name": "Ionian"
    }, {
      "usage": [0, 2, 3, 5, 7, 8, 10, 12],
      "name": "Aeolian"
    }, {
      "usage": [0, 2, 3, 5, 7, 9, 10, 12],
      "name": "Dorian"
    }, {
      "usage": [0, 2, 4, 5, 7, 9, 10, 12],
      "name": "Mixolydian"
    }, {
      "usage": [0, 1, 3, 5, 7, 8, 10, 12],
      "name": "Phrygian"
    }, {
      "usage": [0, 2, 4, 6, 7, 9, 11, 12],
      "name": "Lydian"
    }, {
      "usage": [0, 1, 3, 5, 6, 8, 10, 12],
      "name": "Locrian"
    }, {
      "usage": [0, 1, 3, 4, 6, 7, 9, 10],
      "name": "Dim Half"
    }, {
      "usage": [0, 2, 3, 5, 6, 8, 9, 11],
      "name": "Dim Whole"
    }, {
      "usage": [0, 2, 4, 6, 8, 10],
      "name": "Whole"
    }, {
      "usage": [0, 3, 4, 7, 8, 11],
      "name": "Augmented"
    }, {
      "usage": [0, 1, 2, 3, 4, 5, 6, 7, 8, 9, 10, 11, 12],
      "name": "Chromatic"
    }, {
      "usage": [0, 2, 3, 6, 7, 9, 10, 12],
      "name": "Roumanian Minor"
    }, {
      "usage": [0, 1, 4, 5, 7, 8, 10, 12],
      "name": "Spanish Gypsy"
    }, {
      "usage": [0, 3, 5, 6, 7, 10, 12],
      "name": "Blues"
    }, {
      "usage": [0, 2, 4, 7, 9, 12],
      "name": "Diatonic"
    }, {
      "usage": [0, 1, 4, 5, 7, 8, 11, 12],
      "name": "Double Harmonic"
    }, {
      "usage": [0, 1, 3, 4, 5, 6, 8, 10, 12],
      "name": "Eight Tone Spanish"
    }, {
      "usage": [0, 1, 4, 6, 8, 10, 11, 12],
      "name": "Enigmatic"
    }, {
      "usage": [0, 2, 4, 6, 8, 9, 10],
      "name": "Leading Whole Tone"
    }, {
      "usage": [0, 2, 4, 6, 8, 9, 11, 12],
      "name": "Lydian Augmented"
    }, {
      "usage": [0, 1, 3, 5, 7, 9, 11, 12],
      "name": "Neopolitan Major"
    }, {
      "usage": [0, 1, 3, 5, 7, 8, 10, 12],
      "name": "Neopolitan Minor"
    }, {
      "usage": [0, 1, 3, 6, 10, 11],
      "name": "Pelog"
    }, {
      "usage": [0, 2, 4, 6, 9, 10, 12],
      "name": "Promethus"
    }, {
      "usage": [0, 1, 4, 6, 9, 10, 12],
      "name": "Prometheus Nepolitan"
    }, {
      "usage": [0, 1, 4, 5, 8, 9, 12],
      "name": "Six Tone Symmetrical"
    }, {
      "usage": [0, 1, 3, 4, 6, 8, 10, 12],
      "name": "Super Locrian"
    }, {
      "usage": [0, 2, 4, 6, 7, 8, 10, 12],
      "name": "Lydian Minor"
    }, {
      "usage": [0, 2, 3, 6, 7, 8, 10, 12],
      "name": "Lydian Diminished"
    }, {
      "usage": [0, 2, 3, 4, 6, 7, 8, 9, 11, 12],
      "name": "Nine Tone Scale"
    }, {
      "usage": [0, 2, 3, 5, 6, 8, 9, 11, 12],
      "name": "Auxiliary Diminished"
    }, {
      "usage": [0, 2, 4, 6, 8, 10, 12],
      "name": "Auxiliary Augmented"
    }, {
      "usage": [0, 1, 3, 4, 6, 7, 9, 10, 12],
      "name": "Auxiliary Dim Blues"
    }, {
      "usage": [0, 2, 4, 5, 6, 8, 10, 12],
      "name": "Major Locrian"
    }, {
      "usage": [0, 2, 4, 6, 7, 9, 10, 12],
      "name": "Overtone"
    }, {
      "usage": [0, 1, 3, 4, 6, 8, 10, 12],
      "name": "Diminished Whole Tone"
    }, {
      "usage": [0, 2, 3, 5, 7, 8, 10, 12],
      "name": "Pure Minor"
    }, {
      "usage": [0, 2, 4, 5, 7, 9, 10, 12],
      "name": "Dominant 7th"
    }],
    "name": "Basic"
  }]
}